{
    "rmse": 0.7054861306529105,
    "mae": 0.5507385836084605,
    "r2": 0.25907657414956897
}