{
    "rmse": 0.6766601700826591,
    "mae": 0.523152699900862,
    "r2": 0.2858002659107296
}